timestamp_utc,ticker,title,price,source,link,score
2026-09-14T12:01:24.224300+00:00,NOMA,Nomadar Enters into Definitive Agreement to Acquire Majority Interest in Fox Soccer Academy,1.45,prnewswire,https://www.prnewswire.com/news-releases/nomadar-enters-into-definitive-agreement-to-acquire-majority-interest-in-fox-soccer-academy-302877323.html,3
2026-09-14T12:16:14.024816+00:00,MYSZ,MySize Announces Acquisition-Led Strategy Focused on Defense Technology,1.73,prnewswire,https://www.prnewswire.com/news-releases/mysize-announces-acquisition-led-strategy-focused-on-defense-technology-302877533.html,4
2026-09-14T20:11:51.674198+00:00,BMNM,Richard Parry Joins Board of Directors of Bimini Capital Management,3.32,globenewswire,https://www.globenewswire.com/news-release/2026/09/14/3361545/24159/en/richard-parry-joins-board-of-directors-of-bimini-capital-management.html,4
2026-09-15T10:10:01.871192+00:00,ZEFIF,Zefiro Awarded Three Federally Funded Well Plugging Projects in Ohio and Pennsylvania,0.4685,newsfile,https://www.newsfilecorp.com/release/314328/Zefiro-Awarded-Three-Federally-Funded-Well-Plugging-Projects-in-Ohio-and-Pennsylvania,3
2026-09-15T11:31:33.996521+00:00,ZENA,ZenaTech Closes 29th Drone as a Service Acquisition Adding Solar and Railroad Customers with Georgia-based U.S. Land Surveying Company Holding Licenses in 17 States,1.48,globenewswire,https://www.globenewswire.com/news-release/2026/09/15/3361949/0/en/zenatech-closes-29th-drone-as-a-service-acquisition-adding-solar-and-railroad-customers-with-georgia-based-u-s-land-surveying-company-holding-licenses-in-17-states.html,4
2026-09-15T20:16:42.457573+00:00,RC,Ready Capital Corporation Declares Third Quarter 2026 Dividends,1.6,globenewswire,https://www.globenewswire.com/news-release/2026/09/15/3362655/0/en/ready-capital-corporation-declares-third-quarter-2026-dividends.html,3
2026-09-16T12:02:15.471304+00:00,DLXY,Delixy Holdings Limited Signs Non-Binding Letter of Intent for Strategic Transaction Involving Up to 48% Interest in East Kazakhstan Sarybulak Oil Field,0.415,globenewswire,https://www.globenewswire.com/news-release/2026/09/16/3363101/0/en/delixy-holdings-limited-signs-non-binding-letter-of-intent-for-strategic-transaction-involving-up-to-48-interest-in-east-kazakhstan-sarybulak-oil-field.html,8
2026-09-18T11:30:27.672564+00:00,MERC,Mercado Minerals Signs LOI to Acquire La Franca within the Zamora Project and Samples 1.00 Metre of 1.53 kg/t Silver and 1.39 g/t Gold,0.3844,newsfile,https://www.newsfilecorp.com/release/314960/Mercado-Minerals-Signs-LOI-to-Acquire-La-Franca-within-the-Zamora-Project-and-Samples-1.00-Metre-of-1.53-kgt-Silver-and-1.39-gt-Gold,3
2026-09-21T10:08:49.543118+00:00,KDK,"Kodiak Copper Announces Filing of TSXV Listing Application, Execution of Definitive Agreements, Closing of Subscription Receipt Financing and Leadership Appointments for Kay Copper",3.28,newsfile,https://www.newsfilecorp.com/release/315041/Kodiak-Copper-Announces-Filing-of-TSXV-Listing-Application-Execution-of-Definitive-Agreements-Closing-of-Subscription-Receipt-Financing-and-Leadership-Appointments-for-Kay-Copper,3
2026-09-22T10:09:50.581152+00:00,LODE,Comstock Metals Commences 24/7 Operations for Solar Panel Recycling,2.62,globenewswire,https://www.globenewswire.com/news-release/2026/09/22/3366091/0/en/comstock-metals-commences-24-7-operations-for-solar-panel-recycling.html,3
2026-09-22T11:01:41.634742+00:00,AMFN,"American Fusion Inc. (OTCQB: AMFN) Provides Corporate Update on Intellectual Property, Texatron™ Testing and National Exchange Uplisting",0.106,globenewswire,https://www.globenewswire.com/news-release/2026/09/22/3366140/0/en/american-fusion-inc-otcqb-amfn-provides-corporate-update-on-intellectual-property-texatron-testing-and-national-exchange-uplisting.html,4
2026-09-23T11:00:20.021860+00:00,ZBAO,Zhibao Technology Inc. Enters into Non-Binding Letter of Intent to Acquire On-Chain Trading Platform MeVX,0.109,newsfile,https://www.newsfilecorp.com/release/315641/Zhibao-Technology-Inc.-Enters-into-NonBinding-Letter-of-Intent-to-Acquire-OnChain-Trading-Platform-MeVX,4
2026-09-23T19:34:43.514490+00:00,ZTG,Zenta Group Company Limited Clarifies Shares Outstanding Following Recent Share Issuance,1.73,globenewswire,https://www.globenewswire.com/news-release/2026/09/23/3367799/0/en/zenta-group-company-limited-clarifies-shares-outstanding-following-recent-share-issuance.html,4
2026-09-24T11:00:30.363490+00:00,ORGN,Origen to Proceed with the Acquisition of the Campo De Cima Project in Brazil,0.9501,newsfile,https://www.newsfilecorp.com/release/315727/Origen-to-Proceed-with-the-Acquisition-of-the-Campo-De-Cima-Project-in-Brazil,4
2026-09-24T11:01:35.462338+00:00,RAASY,Cloopen Group Holding Limited Announces Shareholders' Approval of Merger Agreement,2.52,prnewswire,https://www.prnewswire.com/news-releases/cloopen-group-holding-limited-announces-shareholders-approval-of-merger-agreement-302888913.html,4
2026-09-24T16:22:12.656658+00:00,BZAI,"BZAI DEADLINE: ROSEN, TRUSTED INVESTOR COUNSEL, Encourages Blaize Holdings, Inc. Investors with Losses in Excess of $100K to Secure Counsel Before Important Deadline in Securities Class Action First Filed by the Firm - BZAI",0.5375,newsfile,https://www.newsfilecorp.com/release/315290/BZAI-DEADLINE-ROSEN-TRUSTED-INVESTOR-COUNSEL-Encourages-Blaize-Holdings-Inc.-Investors-with-Losses-in-Excess-of-100K-to-Secure-Counsel-Before-Important-Deadline-in-Securities-Class-Action-First-Filed-by-the-Firm-BZAI,5,"Thu, 24 Sep 2026 09:31:00 -0400"
2026-09-24T17:28:42.169413+00:00,AGRZ,AGROZ INC. ANNOUNCES ANTICIPATED REVERSE STOCK SPLIT,0.2251,prnewswire,https://www.prnewswire.com/news-releases/agroz-inc-announces-anticipated-reverse-stock-split-302889571.html,0,"Thu, 24 Sep 2026 17:12:00 +0000"
2026-09-25T11:46:38.197891+00:00,AIFF,"Firefly (NASDAQ: AIFF) and NeuroSigma Partner to Expand Access to First FDA-Cleared, Non-Drug Treatment for Pediatric ADHD",1.19,globenewswire,https://www.globenewswire.com/news-release/2026/09/25/3369065/0/en/firefly-nasdaq-aiff-and-neurosigma-partner-to-expand-access-to-first-fda-cleared-non-drug-treatment-for-pediatric-adhd.html,7,"Fri, 25 Sep 2026 11:45 GMT"
2026-09-29T17:05:27.680945+00:00,realtime,BYSI,0.623,تصنيف FDA كـ Fast Track,2026-09-29,BeyondSpring Announces FDA Fast Track Designation for Plinabulin in Post-ICI Non-Squamous NSCLC and Strategic Transaction to Advance Global Phase 3 DUBLIN-4 Trial Toward Planned Interim Analysis,GlobeNewswire - Clinical Study,https://www.globenewswire.com/news-release/2026/09/29/3370683/0/en/beyondspring-announces-fda-fast-track-designation-for-plinabulin-in-post-ici-non-squamous-nsclc-and-strategic-transaction-to-advance-global-phase-3-dublin-4-trial-toward-planned-in.html,fast track designation
2026-09-30T11:10:37.070369+00:00,calendar,OCGN,1.09,عرض/تقديم نتائج علمية قادم,2026-09-30,Ocugen to Participate in Upcoming Scientific Conferences,GlobeNewswire - Public Companies,https://www.globenewswire.com/news-release/2026/09/30/3371762/0/en/ocugen-to-participate-in-upcoming-scientific-conferences.html,will present
2026-10-01T13:16:34.754358+00:00,realtime,BCDA,1.01,موافقة FDA رسمية على الدواء/المنتج,2026-10-01,BioCardia Files Revised De Novo Pre-Submission for FDA Approval of Helix™ Catheter,GlobeNewswire - Public Companies,https://www.globenewswire.com/news-release/2026/10/01/3373002/0/en/biocardia-files-revised-de-novo-pre-submission-for-fda-approval-of-helix-catheter.html,fda approval
2026-10-05T11:11:38.973709+00:00,calendar,PHIO,0.9851,عرض/تقديم نتائج علمية,2026-10-05,Phio Pharmaceuticals to Present at the National Investment Banking Association (NIBA) 153rd Conference,Newsfile - Latest,https://www.newsfilecorp.com/release/317275/Phio-Pharmaceuticals-to-Present-at-the-National-Investment-Banking-Association-NIBA-153rd-Conference,to present
2026-10-05T11:11:38.973709+00:00,calendar,ATHE,3.45,بيانات تجربة المرحلة الثانية,2026-10-05,Alterity Therapeutics Presents New Analyses of ATH434 Phase 2 Data in Multiple System Atrophy at the 2026 International Congress of Parkinson’s Disease and Movement Disorders,GlobeNewswire - Public Companies,https://www.globenewswire.com/news-release/2026/10/05/3374418/0/en/alterity-therapeutics-presents-new-analyses-of-ath434-phase-2-data-in-multiple-system-atrophy-at-the-2026-international-congress-of-parkinson-s-disease-and-movement-disorders.html,phase 2 data
2026-10-06T11:11:01.948770+00:00,calendar,OKYO,1.47,ضم أول مشارك في التجربة (First Patient In),2026-10-06,OKYO Pharma Announces First Patients Enrolled in Phase 3 Pivotal Trial of Urcosimod for Neuropathic Corneal Pain,GlobeNewswire - Public Companies,https://www.globenewswire.com/news-release/2026/10/06/3375318/0/en/okyo-pharma-announces-first-patients-enrolled-in-phase-3-pivotal-trial-of-urcosimod-for-neuropathic-corneal-pain.html,first patient
2026-10-06T11:11:01.948770+00:00,calendar,PHIO,0.991,عرض/تقديم نتائج علمية قادم,2026-10-08,"Phio Pharmaceuticals to Present at The Global Markets Virtual Forum October 8, 2026",Newsfile - Latest,https://www.newsfilecorp.com/release/317436/Phio-Pharmaceuticals-to-Present-at-The-Global-Markets-Virtual-Forum-October-8-2026,will present
